{"cameraMode":{"drawMode":0,"name":"Shaded","section":"Shading Mode"},"sceneLighting":true,"audioPlay":false,"sceneViewState":{"showFog":true,"showMaterialUpdate":false,"showSkybox":true,"showFlares":true,"showImageEffects":true,"showParticleSystems":true,"showVisualEffectGraphs":true,"m_FxEnabled":true},"in2DMode":false,"pivot":{"x":41.63658142089844,"y":1.1515668630599976,"z":31.71660041809082},"rotation":{"x":0.007054666988551617,"y":0.9926205277442932,"z":-0.07190153747797013,"w":0.09738977253437042},"size":10.447176933288575,"orthographic":false}