{"cameraMode":{"drawMode":0,"name":"Shaded","section":"Shading Mode"},"sceneLighting":true,"audioPlay":false,"sceneViewState":{"showFog":true,"showMaterialUpdate":false,"showSkybox":true,"showFlares":true,"showImageEffects":true,"showParticleSystems":true,"showVisualEffectGraphs":true,"m_FxEnabled":true},"in2DMode":false,"pivot":{"x":-0.4391234517097473,"y":0.3118530213832855,"z":0.22365683317184449},"rotation":{"x":0.007104076445102692,"y":0.5332846641540527,"z":-0.004478452727198601,"w":0.8458955883979797},"size":1.033001184463501,"orthographic":true}