{"cameraMode":{"drawMode":0,"name":"Shaded","section":"Shading Mode"},"sceneLighting":true,"audioPlay":false,"sceneViewState":{"showFog":true,"showMaterialUpdate":false,"showSkybox":true,"showFlares":true,"showImageEffects":true,"showParticleSystems":true,"showVisualEffectGraphs":true,"m_FxEnabled":true},"in2DMode":false,"pivot":{"x":2.823306083679199,"y":-0.14908075332641602,"z":10.795577049255371},"rotation":{"x":0.11399440467357636,"y":0.4394562244415283,"z":-0.056335754692554477,"w":0.8892204761505127},"size":3.0220870971679689,"orthographic":false}