{"cameraMode":{"drawMode":0,"name":"Shaded","section":"Shading Mode"},"sceneLighting":true,"audioPlay":false,"sceneViewState":{"showFog":true,"showMaterialUpdate":false,"showSkybox":true,"showFlares":true,"showImageEffects":true,"showParticleSystems":true,"showVisualEffectGraphs":true,"m_FxEnabled":true},"in2DMode":false,"pivot":{"x":0.037956684827804568,"y":0.47937896847724917,"z":0.6932291984558106},"rotation":{"x":0.13152456283569337,"y":-0.03716501221060753,"z":0.004934502765536308,"w":0.9906043410301209},"size":1.1740729808807374,"orthographic":true}