{"cameraMode":{"drawMode":0,"name":"Shaded","section":"Shading Mode"},"sceneLighting":true,"audioPlay":false,"sceneViewState":{"showFog":true,"showMaterialUpdate":false,"showSkybox":true,"showFlares":true,"showImageEffects":true,"showParticleSystems":true,"showVisualEffectGraphs":true,"m_FxEnabled":true},"in2DMode":false,"pivot":{"x":0.35248392820358279,"y":0.6931872367858887,"z":0.6309270262718201},"rotation":{"x":0.09285444021224976,"y":-0.015828989446163179,"z":0.0014765309169888497,"w":0.9955539107322693},"size":0.9439705610275269,"orthographic":true}