{"cameraMode":{"drawMode":0,"name":"Shaded","section":"Shading Mode"},"sceneLighting":true,"audioPlay":false,"sceneViewState":{"showFog":true,"showMaterialUpdate":false,"showSkybox":true,"showFlares":true,"showImageEffects":true,"showParticleSystems":true,"showVisualEffectGraphs":true,"m_FxEnabled":true},"in2DMode":false,"pivot":{"x":0.9374954700469971,"y":0.7486699223518372,"z":14.178136825561524},"rotation":{"x":0.001493433490395546,"y":0.0943593978881836,"z":-0.00014124205335974693,"w":0.9955384135246277},"size":3.2623631954193117,"orthographic":false}